content_type,deg_type,deg_label,method,edge_recovery,original_edges,method_edges
scene,dark,dark_severe,Canny Only,0.0,4178,0
scene,dark,dark_severe,CLAHE + Canny,0.033748204882719006,4178,167
scene,dark,dark_severe,HistEq + Canny,0.8896601244614648,4178,44445
scene,dark,dark_severe,Adaptive Thresh,0.49114408808042126,4178,231903
scene,dark,dark_severe,Ours (ADRR + Canny),0.2527525131641934,4178,10231
scene,dark,dark_heavy,Canny Only,0.12805169937769267,4178,600
scene,dark,dark_heavy,CLAHE + Canny,0.21134514121589276,4178,995
scene,dark,dark_heavy,HistEq + Canny,0.8944471038774533,4178,46338
scene,dark,dark_heavy,Adaptive Thresh,0.48396361895643847,4178,230401
scene,dark,dark_heavy,Ours (ADRR + Canny),0.9011488750598372,4178,4017
scene,dark,dark_moderate,Canny Only,0.22067975107707036,4178,981
scene,dark,dark_moderate,CLAHE + Canny,0.8274293920536142,4178,3681
scene,dark,dark_moderate,HistEq + Canny,0.8944471038774533,4178,55160
scene,dark,dark_moderate,Adaptive Thresh,0.48180947821924364,4178,223472
scene,dark,dark_moderate,Ours (ADRR + Canny),0.9432742939205362,4178,4145
scene,dark,dark_mild,Canny Only,0.8887027285782672,4178,3768
scene,dark,dark_mild,CLAHE + Canny,0.9743896601244615,4178,4261
scene,dark,dark_mild,HistEq + Canny,0.9016275730014361,4178,56681
scene,dark,dark_mild,Adaptive Thresh,0.4806127333652465,4178,206728
scene,dark,dark_mild,Ours (ADRR + Canny),0.9504547630445189,4178,4160
scene,motion_blur,mblur_severe_h,Canny Only,0.0411680229775012,4178,602
scene,motion_blur,mblur_severe_h,CLAHE + Canny,0.08401148875059837,4178,2309
scene,motion_blur,mblur_severe_h,HistEq + Canny,0.024652943992340835,4178,3413
scene,motion_blur,mblur_severe_h,Adaptive Thresh,0.672091910004787,4178,223675
scene,motion_blur,mblur_severe_h,Ours (ADRR + Canny),0.0411680229775012,4178,602
scene,motion_blur,mblur_moderate_h,Canny Only,0.09956917185256103,4178,1472
scene,motion_blur,mblur_moderate_h,CLAHE + Canny,0.2079942556247008,4178,5036
scene,motion_blur,mblur_moderate_h,HistEq + Canny,0.03207276208712303,4178,3568
scene,motion_blur,mblur_moderate_h,Adaptive Thresh,0.5416467209191,4178,220548
scene,motion_blur,mblur_moderate_h,Ours (ADRR + Canny),0.09956917185256103,4178,1472
scene,motion_blur,mblur_moderate_d,Canny Only,0.6024413595021542,4178,4169
scene,motion_blur,mblur_moderate_d,CLAHE + Canny,0.5859262805169938,4178,5241
scene,motion_blur,mblur_moderate_d,HistEq + Canny,0.1498324557204404,4178,4509
scene,motion_blur,mblur_moderate_d,Adaptive Thresh,0.5081378650071805,4178,216764
scene,motion_blur,mblur_moderate_d,Ours (ADRR + Canny),0.6024413595021542,4178,4169
scene,motion_blur,mblur_mild_v,Canny Only,0.10172331258975587,4178,1715
scene,motion_blur,mblur_mild_v,CLAHE + Canny,0.22786022020105315,4178,5078
scene,motion_blur,mblur_mild_v,HistEq + Canny,0.04595500239348971,4178,3700
scene,motion_blur,mblur_mild_v,Adaptive Thresh,0.49784585926280517,4178,217492
scene,motion_blur,mblur_mild_v,Ours (ADRR + Canny),0.10172331258975587,4178,1715
scene,gaussian_blur,gblur_heavy,Canny Only,0.12900909526089038,4178,1019
scene,gaussian_blur,gblur_heavy,CLAHE + Canny,0.13738630923887027,4178,1990
scene,gaussian_blur,gblur_heavy,HistEq + Canny,0.0007180469123982767,4178,3422
scene,gaussian_blur,gblur_heavy,Adaptive Thresh,0.5524174246050741,4178,223455
scene,gaussian_blur,gblur_heavy,Ours (ADRR + Canny),0.06558161799904261,4178,1096
scene,gaussian_blur,gblur_mild,Canny Only,0.5677357587362374,4178,3493
scene,gaussian_blur,gblur_mild,CLAHE + Canny,0.667065581617999,4178,4315
scene,gaussian_blur,gblur_mild,HistEq + Canny,0.0009573958831977022,4178,3709
scene,gaussian_blur,gblur_mild,Adaptive Thresh,0.501675442795596,4178,225211
scene,gaussian_blur,gblur_mild,Ours (ADRR + Canny),0.22905696505505027,4178,5607
scene,combined,combined_dark_blur,Canny Only,0.0,4178,0
scene,combined,combined_dark_blur,CLAHE + Canny,0.03590234561991384,4178,339
scene,combined,combined_dark_blur,HistEq + Canny,0.030397319291527048,4178,16065
scene,combined,combined_dark_blur,Adaptive Thresh,0.9140737194830062,4178,236870
scene,combined,combined_dark_blur,Ours (ADRR + Canny),0.1067496409765438,4178,1418
scene,combined,combined_moderate,Canny Only,0.03973192915270465,4178,208
scene,combined,combined_moderate,CLAHE + Canny,0.5143609382479656,4178,2714
scene,combined,combined_moderate,HistEq + Canny,0.21780756342747726,4178,9560
scene,combined,combined_moderate,Adaptive Thresh,0.6807084729535663,4178,230564
scene,combined,combined_moderate,Ours (ADRR + Canny),0.19147917663954045,4178,5642
scene,dark,dark_severe,Canny Only,0.0,1796,0
scene,dark,dark_severe,CLAHE + Canny,0.0,1796,0
scene,dark,dark_severe,HistEq + Canny,0.6926503340757239,1796,39413
scene,dark,dark_severe,Adaptive Thresh,0.4866369710467706,1796,236549
scene,dark,dark_severe,Ours (ADRR + Canny),0.10746102449888642,1796,1859
scene,dark,dark_heavy,Canny Only,0.0,1796,0
scene,dark,dark_heavy,CLAHE + Canny,0.11358574610244988,1796,265
scene,dark,dark_heavy,HistEq + Canny,0.7661469933184856,1796,44356
scene,dark,dark_heavy,Adaptive Thresh,0.4860801781737194,1796,235531
scene,dark,dark_heavy,Ours (ADRR + Canny),0.11080178173719377,1796,2855
scene,dark,dark_moderate,Canny Only,0.19376391982182628,1796,398
scene,dark,dark_moderate,CLAHE + Canny,0.45879732739420936,1796,946
scene,dark,dark_moderate,HistEq + Canny,0.7433184855233853,1796,56016
scene,dark,dark_moderate,Adaptive Thresh,0.4860801781737194,1796,228926
scene,dark,dark_moderate,Ours (ADRR + Canny),0.10690423162583519,1796,3221
scene,dark,dark_mild,Canny Only,0.5684855233853007,1796,1093
scene,dark,dark_mild,CLAHE + Canny,0.9175946547884187,1796,1833
scene,dark,dark_mild,HistEq + Canny,0.7544543429844098,1796,55459
scene,dark,dark_mild,Adaptive Thresh,0.4860801781737194,1796,211094
scene,dark,dark_mild,Ours (ADRR + Canny),0.5684855233853007,1796,1093
scene,motion_blur,mblur_severe_h,Canny Only,0.2099109131403118,1796,797
scene,motion_blur,mblur_severe_h,CLAHE + Canny,0.20879732739420936,1796,867
scene,motion_blur,mblur_severe_h,HistEq + Canny,0.1714922048997773,1796,1575
scene,motion_blur,mblur_severe_h,Adaptive Thresh,0.7488864142538976,1796,232903
scene,motion_blur,mblur_severe_h,Ours (ADRR + Canny),0.2099109131403118,1796,797
scene,motion_blur,mblur_moderate_h,Canny Only,0.2633630289532294,1796,837
scene,motion_blur,mblur_moderate_h,CLAHE + Canny,0.26057906458797325,1796,1271
scene,motion_blur,mblur_moderate_h,HistEq + Canny,0.21547884187082406,1796,1633
scene,motion_blur,mblur_moderate_h,Adaptive Thresh,0.7165924276169265,1796,228946
scene,motion_blur,mblur_moderate_h,Ours (ADRR + Canny),0.2633630289532294,1796,837
scene,motion_blur,mblur_moderate_d,Canny Only,0.02783964365256125,1796,257
scene,motion_blur,mblur_moderate_d,CLAHE + Canny,0.07349665924276169,1796,1061
scene,motion_blur,mblur_moderate_d,HistEq + Canny,0.017817371937639197,1796,1595
scene,motion_blur,mblur_moderate_d,Adaptive Thresh,0.7989977728285078,1796,223689
scene,motion_blur,mblur_moderate_d,Ours (ADRR + Canny),0.15979955456570155,1796,1173
scene,motion_blur,mblur_mild_v,Canny Only,0.26224944320712695,1796,836
scene,motion_blur,mblur_mild_v,CLAHE + Canny,0.26280623608017817,1796,1128
scene,motion_blur,mblur_mild_v,HistEq + Canny,0.13474387527839643,1796,1564
scene,motion_blur,mblur_mild_v,Adaptive Thresh,0.6670378619153675,1796,224649
scene,motion_blur,mblur_mild_v,Ours (ADRR + Canny),0.26224944320712695,1796,836
scene,gaussian_blur,gblur_heavy,Canny Only,0.11247216035634744,1796,389
scene,gaussian_blur,gblur_heavy,CLAHE + Canny,0.04844097995545657,1796,282
scene,gaussian_blur,gblur_heavy,HistEq + Canny,0.0016703786191536749,1796,1185
scene,gaussian_blur,gblur_heavy,Adaptive Thresh,0.6959910913140311,1796,231574
scene,gaussian_blur,gblur_heavy,Ours (ADRR + Canny),0.01893095768374165,1796,221
scene,gaussian_blur,gblur_mild,Canny Only,0.18930957683741648,1796,526
scene,gaussian_blur,gblur_mild,CLAHE + Canny,0.11414253897550111,1796,411
scene,gaussian_blur,gblur_mild,HistEq + Canny,0.0016703786191536749,1796,1186
scene,gaussian_blur,gblur_mild,Adaptive Thresh,0.4304008908685969,1796,231828
scene,gaussian_blur,gblur_mild,Ours (ADRR + Canny),0.11414253897550111,1796,1507
scene,combined,combined_dark_blur,Canny Only,0.0,1796,0
scene,combined,combined_dark_blur,CLAHE + Canny,0.05623608017817372,1796,179
scene,combined,combined_dark_blur,HistEq + Canny,0.1787305122494432,1796,11070
scene,combined,combined_dark_blur,Adaptive Thresh,0.8084632516703786,1796,238124
scene,combined,combined_dark_blur,Ours (ADRR + Canny),0.08129175946547884,1796,763
scene,combined,combined_moderate,Canny Only,0.0,1796,0
scene,combined,combined_moderate,CLAHE + Canny,0.013919821826280624,1796,39
scene,combined,combined_moderate,HistEq + Canny,0.021158129175946547,1796,6646
scene,combined,combined_moderate,Adaptive Thresh,0.9649220489977728,1796,237572
scene,combined,combined_moderate,Ours (ADRR + Canny),0.007238307349665924,1796,461
scene,dark,dark_severe,Canny Only,0.0,2340,0
scene,dark,dark_severe,CLAHE + Canny,0.0,2340,0
scene,dark,dark_severe,HistEq + Canny,0.8286324786324787,2340,38860
scene,dark,dark_severe,Adaptive Thresh,0.4948717948717949,2340,234937
scene,dark,dark_severe,Ours (ADRR + Canny),0.15982905982905982,2340,4926
scene,dark,dark_heavy,Canny Only,0.1811965811965812,2340,460
scene,dark,dark_heavy,CLAHE + Canny,0.3371794871794872,2340,852
scene,dark,dark_heavy,HistEq + Canny,0.8504273504273504,2340,36671
scene,dark,dark_heavy,Adaptive Thresh,0.4948717948717949,2340,234084
scene,dark,dark_heavy,Ours (ADRR + Canny),0.1717948717948718,2340,5480
scene,dark,dark_moderate,Canny Only,0.7333333333333333,2340,1844
scene,dark,dark_moderate,CLAHE + Canny,0.8337606837606838,2340,2124
scene,dark,dark_moderate,HistEq + Canny,0.8658119658119658,2340,28385
scene,dark,dark_moderate,Adaptive Thresh,0.4948717948717949,2340,228072
scene,dark,dark_moderate,Ours (ADRR + Canny),0.7333333333333333,2340,1844
scene,dark,dark_mild,Canny Only,0.955982905982906,2340,2341
scene,dark,dark_mild,CLAHE + Canny,0.944017094017094,2340,2384
scene,dark,dark_mild,HistEq + Canny,0.8688034188034188,2340,31693
scene,dark,dark_mild,Adaptive Thresh,0.4948717948717949,2340,210156
scene,dark,dark_mild,Ours (ADRR + Canny),0.955982905982906,2340,2341
scene,motion_blur,mblur_severe_h,Canny Only,0.15726495726495726,2340,1143
scene,motion_blur,mblur_severe_h,CLAHE + Canny,0.1658119658119658,2340,1841
scene,motion_blur,mblur_severe_h,HistEq + Canny,0.1371794871794872,2340,2976
scene,motion_blur,mblur_severe_h,Adaptive Thresh,0.6384615384615384,2340,228885
scene,motion_blur,mblur_severe_h,Ours (ADRR + Canny),0.15726495726495726,2340,1143
scene,motion_blur,mblur_moderate_h,Canny Only,0.2064102564102564,2340,1664
scene,motion_blur,mblur_moderate_h,CLAHE + Canny,0.20213675213675214,2340,2571
scene,motion_blur,mblur_moderate_h,HistEq + Canny,0.13846153846153847,2340,2602
scene,motion_blur,mblur_moderate_h,Adaptive Thresh,0.5188034188034188,2340,225365
scene,motion_blur,mblur_moderate_h,Ours (ADRR + Canny),0.2064102564102564,2340,1664
scene,motion_blur,mblur_moderate_d,Canny Only,0.24786324786324787,2340,1480
scene,motion_blur,mblur_moderate_d,CLAHE + Canny,0.23717948717948717,2340,2461
scene,motion_blur,mblur_moderate_d,HistEq + Canny,0.07735042735042735,2340,2631
scene,motion_blur,mblur_moderate_d,Adaptive Thresh,0.36324786324786323,2340,221575
scene,motion_blur,mblur_moderate_d,Ours (ADRR + Canny),0.24786324786324787,2340,1480
scene,motion_blur,mblur_mild_v,Canny Only,0.2858974358974359,2340,2113
scene,motion_blur,mblur_mild_v,CLAHE + Canny,0.28547008547008546,2340,3072
scene,motion_blur,mblur_mild_v,HistEq + Canny,0.15598290598290598,2340,2505
scene,motion_blur,mblur_mild_v,Adaptive Thresh,0.32222222222222224,2340,223337
scene,motion_blur,mblur_mild_v,Ours (ADRR + Canny),0.2858974358974359,2340,2113
scene,gaussian_blur,gblur_heavy,Canny Only,0.020512820512820513,2340,211
scene,gaussian_blur,gblur_heavy,CLAHE + Canny,0.12094017094017094,2340,654
scene,gaussian_blur,gblur_heavy,HistEq + Canny,0.0,2340,2459
scene,gaussian_blur,gblur_heavy,Adaptive Thresh,0.2743589743589744,2340,230584
scene,gaussian_blur,gblur_heavy,Ours (ADRR + Canny),0.0547008547008547,2340,1144
scene,gaussian_blur,gblur_mild,Canny Only,0.5376068376068376,2340,2251
scene,gaussian_blur,gblur_mild,CLAHE + Canny,0.5452991452991452,2340,2262
scene,gaussian_blur,gblur_mild,HistEq + Canny,0.0,2340,2505
scene,gaussian_blur,gblur_mild,Adaptive Thresh,0.382051282051282,2340,232112
scene,gaussian_blur,gblur_mild,Ours (ADRR + Canny),0.11837606837606837,2340,3909
scene,combined,combined_dark_blur,Canny Only,0.0,2340,0
scene,combined,combined_dark_blur,CLAHE + Canny,0.01452991452991453,2340,123
scene,combined,combined_dark_blur,HistEq + Canny,0.1371794871794872,2340,10005
scene,combined,combined_dark_blur,Adaptive Thresh,0.7786324786324786,2340,237217
scene,combined,combined_dark_blur,Ours (ADRR + Canny),0.13504273504273503,2340,1212
scene,combined,combined_moderate,Canny Only,0.17136752136752137,2340,534
scene,combined,combined_moderate,CLAHE + Canny,0.22777777777777777,2340,922
scene,combined,combined_moderate,HistEq + Canny,0.10213675213675213,2340,2616
scene,combined,combined_moderate,Adaptive Thresh,0.5893162393162393,2340,235562
scene,combined,combined_moderate,Ours (ADRR + Canny),0.02435897435897436,2340,525
scene,dark,dark_severe,Canny Only,0.0,1702,0
scene,dark,dark_severe,CLAHE + Canny,0.0,1702,0
scene,dark,dark_severe,HistEq + Canny,0.7702702702702703,1702,43298
scene,dark,dark_severe,Adaptive Thresh,0.5235017626321974,1702,237086
scene,dark,dark_severe,Ours (ADRR + Canny),0.19623971797884843,1702,3149
scene,dark,dark_heavy,Canny Only,0.0,1702,0
scene,dark,dark_heavy,CLAHE + Canny,0.23678025851938894,1702,442
scene,dark,dark_heavy,HistEq + Canny,0.7984723854289072,1702,57002
scene,dark,dark_heavy,Adaptive Thresh,0.5223266745005876,1702,236483
scene,dark,dark_heavy,Ours (ADRR + Canny),0.20681551116333724,1702,3825
scene,dark,dark_moderate,Canny Only,0.282021151586369,1702,503
scene,dark,dark_moderate,CLAHE + Canny,0.5370152761457109,1702,985
scene,dark,dark_moderate,HistEq + Canny,0.7961222091656874,1702,65192
scene,dark,dark_moderate,Adaptive Thresh,0.5223266745005876,1702,230474
scene,dark,dark_moderate,Ours (ADRR + Canny),0.282021151586369,1702,503
scene,dark,dark_mild,Canny Only,0.8848413631022327,1702,1558
scene,dark,dark_mild,CLAHE + Canny,0.9688601645123385,1702,1753
scene,dark,dark_mild,HistEq + Canny,0.7961222091656874,1702,65563
scene,dark,dark_mild,Adaptive Thresh,0.5223266745005876,1702,212815
scene,dark,dark_mild,Ours (ADRR + Canny),0.8848413631022327,1702,1558
scene,motion_blur,mblur_severe_h,Canny Only,0.13748531139835488,1702,537
scene,motion_blur,mblur_severe_h,CLAHE + Canny,0.14159811985898943,1702,1063
scene,motion_blur,mblur_severe_h,HistEq + Canny,0.11045828437132785,1702,1645
scene,motion_blur,mblur_severe_h,Adaptive Thresh,0.6774383078730905,1702,232239
scene,motion_blur,mblur_severe_h,Ours (ADRR + Canny),0.06874265569917744,1702,818
scene,motion_blur,mblur_moderate_h,Canny Only,0.17743830787309048,1702,844
scene,motion_blur,mblur_moderate_h,CLAHE + Canny,0.18155111633372503,1702,1834
scene,motion_blur,mblur_moderate_h,HistEq + Canny,0.1227967097532315,1702,1619
scene,motion_blur,mblur_moderate_h,Adaptive Thresh,0.5193889541715628,1702,228929
scene,motion_blur,mblur_moderate_h,Ours (ADRR + Canny),0.17743830787309048,1702,844
scene,motion_blur,mblur_moderate_d,Canny Only,0.05464159811985899,1702,302
scene,motion_blur,mblur_moderate_d,CLAHE + Canny,0.057579318448883664,1702,1097
scene,motion_blur,mblur_moderate_d,HistEq + Canny,0.019388954171562868,1702,1700
scene,motion_blur,mblur_moderate_d,Adaptive Thresh,0.6680376028202115,1702,224029
scene,motion_blur,mblur_moderate_d,Ours (ADRR + Canny),0.05464159811985899,1702,302
scene,motion_blur,mblur_mild_v,Canny Only,0.11515863689776733,1702,831
scene,motion_blur,mblur_mild_v,CLAHE + Canny,0.09929494712103408,1702,2012
scene,motion_blur,mblur_mild_v,HistEq + Canny,0.021739130434782608,1702,1686
scene,motion_blur,mblur_mild_v,Adaptive Thresh,0.4988249118683901,1702,225205
scene,motion_blur,mblur_mild_v,Ours (ADRR + Canny),0.06698002350176263,1702,1755
scene,gaussian_blur,gblur_heavy,Canny Only,0.22209165687426558,1702,519
scene,gaussian_blur,gblur_heavy,CLAHE + Canny,0.0499412455934195,1702,328
scene,gaussian_blur,gblur_heavy,HistEq + Canny,0.0,1702,1609
scene,gaussian_blur,gblur_heavy,Adaptive Thresh,0.37132784958871917,1702,233703
scene,gaussian_blur,gblur_heavy,Ours (ADRR + Canny),0.04406580493537015,1702,364
scene,gaussian_blur,gblur_mild,Canny Only,0.24618096357226793,1702,536
scene,gaussian_blur,gblur_mild,CLAHE + Canny,0.3789659224441833,1702,1674
scene,gaussian_blur,gblur_mild,HistEq + Canny,0.0,1702,1666
scene,gaussian_blur,gblur_mild,Adaptive Thresh,0.2626321974148061,1702,234189
scene,gaussian_blur,gblur_mild,Ours (ADRR + Canny),0.18507638072855465,1702,2308
scene,combined,combined_dark_blur,Canny Only,0.0,1702,0
scene,combined,combined_dark_blur,CLAHE + Canny,0.03172737955346651,1702,100
scene,combined,combined_dark_blur,HistEq + Canny,0.13160987074030553,1702,18752
scene,combined,combined_dark_blur,Adaptive Thresh,0.7491186839012925,1702,238574
scene,combined,combined_dark_blur,Ours (ADRR + Canny),0.10693301997649823,1702,873
scene,combined,combined_moderate,Canny Only,0.02702702702702703,1702,59
scene,combined,combined_moderate,CLAHE + Canny,0.038777908343125736,1702,107
scene,combined,combined_moderate,HistEq + Canny,0.020564042303172738,1702,10707
scene,combined,combined_moderate,Adaptive Thresh,0.8595769682726204,1702,237576
scene,combined,combined_moderate,Ours (ADRR + Canny),0.0,1702,40
scene,dark,dark_severe,Canny Only,0.0,1352,0
scene,dark,dark_severe,CLAHE + Canny,0.0,1352,0
scene,dark,dark_severe,HistEq + Canny,0.8357988165680473,1352,42926
scene,dark,dark_severe,Adaptive Thresh,0.4977810650887574,1352,236807
scene,dark,dark_severe,Ours (ADRR + Canny),0.19748520710059173,1352,2369
scene,dark,dark_heavy,Canny Only,0.0,1352,0
scene,dark,dark_heavy,CLAHE + Canny,0.4319526627218935,1352,689
scene,dark,dark_heavy,HistEq + Canny,0.8572485207100592,1352,42656
scene,dark,dark_heavy,Adaptive Thresh,0.4977810650887574,1352,236310
scene,dark,dark_heavy,Ours (ADRR + Canny),0.20562130177514792,1352,2794
scene,dark,dark_moderate,Canny Only,0.46449704142011833,1352,685
scene,dark,dark_moderate,CLAHE + Canny,0.9267751479289941,1352,1384
scene,dark,dark_moderate,HistEq + Canny,0.8690828402366864,1352,28118
scene,dark,dark_moderate,Adaptive Thresh,0.4977810650887574,1352,230538
scene,dark,dark_moderate,Ours (ADRR + Canny),0.46449704142011833,1352,685
scene,dark,dark_mild,Canny Only,0.9637573964497042,1352,1355
scene,dark,dark_mild,CLAHE + Canny,0.9504437869822485,1352,1389
scene,dark,dark_mild,HistEq + Canny,0.8742603550295858,1352,37530
scene,dark,dark_mild,Adaptive Thresh,0.4977810650887574,1352,211889
scene,dark,dark_mild,Ours (ADRR + Canny),0.9637573964497042,1352,1355
scene,motion_blur,mblur_severe_h,Canny Only,0.14644970414201183,1352,520
scene,motion_blur,mblur_severe_h,CLAHE + Canny,0.14792899408284024,1352,802
scene,motion_blur,mblur_severe_h,HistEq + Canny,0.08727810650887574,1352,1548
scene,motion_blur,mblur_severe_h,Adaptive Thresh,0.7507396449704142,1352,233712
scene,motion_blur,mblur_severe_h,Ours (ADRR + Canny),0.14644970414201183,1352,520
scene,motion_blur,mblur_moderate_h,Canny Only,0.16050295857988164,1352,569
scene,motion_blur,mblur_moderate_h,CLAHE + Canny,0.15754437869822485,1352,1148
scene,motion_blur,mblur_moderate_h,HistEq + Canny,0.09763313609467456,1352,1372
scene,motion_blur,mblur_moderate_h,Adaptive Thresh,0.5281065088757396,1352,229889
scene,motion_blur,mblur_moderate_h,Ours (ADRR + Canny),0.16050295857988164,1352,569
scene,motion_blur,mblur_moderate_d,Canny Only,0.20636094674556213,1352,809
scene,motion_blur,mblur_moderate_d,CLAHE + Canny,0.20710059171597633,1352,1346
scene,motion_blur,mblur_moderate_d,HistEq + Canny,0.07692307692307693,1352,1356
scene,motion_blur,mblur_moderate_d,Adaptive Thresh,0.3025147928994083,1352,225477
scene,motion_blur,mblur_moderate_d,Ours (ADRR + Canny),0.20636094674556213,1352,809
scene,motion_blur,mblur_mild_v,Canny Only,0.3276627218934911,1352,1065
scene,motion_blur,mblur_mild_v,CLAHE + Canny,0.34615384615384615,1352,1694
scene,motion_blur,mblur_mild_v,HistEq + Canny,0.1752958579881657,1352,1348
scene,motion_blur,mblur_mild_v,Adaptive Thresh,0.29142011834319526,1352,227279
scene,motion_blur,mblur_mild_v,Ours (ADRR + Canny),0.3276627218934911,1352,1065
scene,gaussian_blur,gblur_heavy,Canny Only,0.0,1352,0
scene,gaussian_blur,gblur_heavy,CLAHE + Canny,0.06360946745562131,1352,552
scene,gaussian_blur,gblur_heavy,HistEq + Canny,0.0,1352,1176
scene,gaussian_blur,gblur_heavy,Adaptive Thresh,0.05621301775147929,1352,235704
scene,gaussian_blur,gblur_heavy,Ours (ADRR + Canny),0.05621301775147929,1352,1199
scene,gaussian_blur,gblur_mild,Canny Only,0.2943786982248521,1352,700
scene,gaussian_blur,gblur_mild,CLAHE + Canny,0.6449704142011834,1352,1433
scene,gaussian_blur,gblur_mild,HistEq + Canny,0.0,1352,1324
scene,gaussian_blur,gblur_mild,Adaptive Thresh,0.41124260355029585,1352,236548
scene,gaussian_blur,gblur_mild,Ours (ADRR + Canny),0.11390532544378698,1352,2249
scene,combined,combined_dark_blur,Canny Only,0.0,1352,0
scene,combined,combined_dark_blur,CLAHE + Canny,0.03920118343195266,1352,85
scene,combined,combined_dark_blur,HistEq + Canny,0.09023668639053255,1352,11630
scene,combined,combined_dark_blur,Adaptive Thresh,0.8727810650887574,1352,238847
scene,combined,combined_dark_blur,Ours (ADRR + Canny),0.07988165680473373,1352,470
scene,combined,combined_moderate,Canny Only,0.04142011834319527,1352,100
scene,combined,combined_moderate,CLAHE + Canny,0.1819526627218935,1352,390
scene,combined,combined_moderate,HistEq + Canny,0.08727810650887574,1352,1443
scene,combined,combined_moderate,Adaptive Thresh,0.5517751479289941,1352,237329
scene,combined,combined_moderate,Ours (ADRR + Canny),0.0014792899408284023,1352,26
text,dark,dark_severe,Canny Only,0.0,4125,0
text,dark,dark_severe,CLAHE + Canny,0.0,4125,0
text,dark,dark_severe,HistEq + Canny,1.0,4125,4125
text,dark,dark_severe,Adaptive Thresh,0.7282424242424242,4125,233922
text,dark,dark_severe,Ours (ADRR + Canny),0.15757575757575756,4125,7134
text,dark,dark_heavy,Canny Only,0.0,4125,0
text,dark,dark_heavy,CLAHE + Canny,0.0,4125,0
text,dark,dark_heavy,HistEq + Canny,1.0,4125,4125
text,dark,dark_heavy,Adaptive Thresh,0.7282424242424242,4125,233863
text,dark,dark_heavy,Ours (ADRR + Canny),0.8705454545454545,4125,4352
text,dark,dark_moderate,Canny Only,0.7718787878787878,4125,3184
text,dark,dark_moderate,CLAHE + Canny,0.7718787878787878,4125,3184
text,dark,dark_moderate,HistEq + Canny,1.0,4125,4125
text,dark,dark_moderate,Adaptive Thresh,0.7282424242424242,4125,233853
text,dark,dark_moderate,Ours (ADRR + Canny),0.7718787878787878,4125,3184
text,dark,dark_mild,Canny Only,0.9958787878787879,4125,4108
text,dark,dark_mild,CLAHE + Canny,0.9953939393939394,4125,4106
text,dark,dark_mild,HistEq + Canny,1.0,4125,4125
text,dark,dark_mild,Adaptive Thresh,0.7282424242424242,4125,233852
text,dark,dark_mild,Ours (ADRR + Canny),0.9958787878787879,4125,4108
text,motion_blur,mblur_severe_h,Canny Only,0.2606060606060606,4125,3077
text,motion_blur,mblur_severe_h,CLAHE + Canny,0.2606060606060606,4125,3105
text,motion_blur,mblur_severe_h,HistEq + Canny,0.16242424242424242,4125,2584
text,motion_blur,mblur_severe_h,Adaptive Thresh,0.687030303030303,4125,229902
text,motion_blur,mblur_severe_h,Ours (ADRR + Canny),0.2606060606060606,4125,3077
text,motion_blur,mblur_moderate_h,Canny Only,0.2589090909090909,4125,2557
text,motion_blur,mblur_moderate_h,CLAHE + Canny,0.2703030303030303,4125,3507
text,motion_blur,mblur_moderate_h,HistEq + Canny,0.18327272727272728,4125,3376
text,motion_blur,mblur_moderate_h,Adaptive Thresh,0.6792727272727273,4125,229810
text,motion_blur,mblur_moderate_h,Ours (ADRR + Canny),0.2589090909090909,4125,2557
text,motion_blur,mblur_moderate_d,Canny Only,0.16533333333333333,4125,3809
text,motion_blur,mblur_moderate_d,CLAHE + Canny,0.17018181818181818,4125,3980
text,motion_blur,mblur_moderate_d,HistEq + Canny,0.10375757575757576,4125,4710
text,motion_blur,mblur_moderate_d,Adaptive Thresh,0.47539393939393937,4125,226245
text,motion_blur,mblur_moderate_d,Ours (ADRR + Canny),0.16533333333333333,4125,3809
text,motion_blur,mblur_mild_v,Canny Only,0.46375757575757576,4125,3974
text,motion_blur,mblur_mild_v,CLAHE + Canny,0.47369696969696967,4125,4540
text,motion_blur,mblur_mild_v,HistEq + Canny,0.3233939393939394,4125,4531
text,motion_blur,mblur_mild_v,Adaptive Thresh,0.5844848484848485,4125,230148
text,motion_blur,mblur_mild_v,Ours (ADRR + Canny),0.46375757575757576,4125,3974
text,gaussian_blur,gblur_heavy,Canny Only,0.0019393939393939393,4125,29
text,gaussian_blur,gblur_heavy,CLAHE + Canny,0.1347878787878788,4125,1922
text,gaussian_blur,gblur_heavy,HistEq + Canny,0.0,4125,2507
text,gaussian_blur,gblur_heavy,Adaptive Thresh,0.13624242424242425,4125,229372
text,gaussian_blur,gblur_heavy,Ours (ADRR + Canny),0.030787878787878788,4125,1270
text,gaussian_blur,gblur_mild,Canny Only,0.35054545454545455,4125,2251
text,gaussian_blur,gblur_mild,CLAHE + Canny,0.3675151515151515,4125,3302
text,gaussian_blur,gblur_mild,HistEq + Canny,0.0,4125,3896
text,gaussian_blur,gblur_mild,Adaptive Thresh,0.144,4125,229826
text,gaussian_blur,gblur_mild,Ours (ADRR + Canny),0.09042424242424242,4125,3691
text,combined,combined_dark_blur,Canny Only,0.0,4125,0
text,combined,combined_dark_blur,CLAHE + Canny,0.016484848484848484,4125,126
text,combined,combined_dark_blur,HistEq + Canny,0.18327272727272728,4125,3376
text,combined,combined_dark_blur,Adaptive Thresh,0.8489696969696969,4125,236202
text,combined,combined_dark_blur,Ours (ADRR + Canny),0.05454545454545454,4125,2016
text,combined,combined_moderate,Canny Only,0.030787878787878788,4125,190
text,combined,combined_moderate,CLAHE + Canny,0.05624242424242424,4125,450
text,combined,combined_moderate,HistEq + Canny,0.11393939393939394,4125,4682
text,combined,combined_moderate,Adaptive Thresh,0.5823030303030303,4125,231324
text,combined,combined_moderate,Ours (ADRR + Canny),0.004363636363636364,4125,281
text,dark,dark_severe,Canny Only,0.0,4585,0
text,dark,dark_severe,CLAHE + Canny,0.0,4585,0
text,dark,dark_severe,HistEq + Canny,1.0,4585,4585
text,dark,dark_severe,Adaptive Thresh,0.5648854961832062,4585,232133
text,dark,dark_severe,Ours (ADRR + Canny),0.7882224645583424,4585,4727
text,dark,dark_heavy,Canny Only,0.3880043620501636,4585,1779
text,dark,dark_heavy,CLAHE + Canny,0.42290076335877863,4585,1942
text,dark,dark_heavy,HistEq + Canny,1.0,4585,4585
text,dark,dark_heavy,Adaptive Thresh,0.5648854961832062,4585,232129
text,dark,dark_heavy,Ours (ADRR + Canny),0.7897491821155943,4585,4731
text,dark,dark_moderate,Canny Only,0.9984732824427481,4585,4578
text,dark,dark_moderate,CLAHE + Canny,0.9973827699018538,4585,4577
text,dark,dark_moderate,HistEq + Canny,1.0,4585,4585
text,dark,dark_moderate,Adaptive Thresh,0.5648854961832062,4585,232129
text,dark,dark_moderate,Ours (ADRR + Canny),0.9984732824427481,4585,4578
text,dark,dark_mild,Canny Only,0.9984732824427481,4585,4578
text,dark,dark_mild,CLAHE + Canny,0.9969465648854962,4585,4582
text,dark,dark_mild,HistEq + Canny,1.0,4585,4585
text,dark,dark_mild,Adaptive Thresh,0.5648854961832062,4585,232129
text,dark,dark_mild,Ours (ADRR + Canny),0.9984732824427481,4585,4578
text,motion_blur,mblur_severe_h,Canny Only,0.29182115594329333,4585,4087
text,motion_blur,mblur_severe_h,CLAHE + Canny,0.29574700109051255,4585,4173
text,motion_blur,mblur_severe_h,HistEq + Canny,0.15354416575790622,4585,2086
text,motion_blur,mblur_severe_h,Adaptive Thresh,0.5681570338058888,4585,229526
text,motion_blur,mblur_severe_h,Ours (ADRR + Canny),0.29182115594329333,4585,4087
text,motion_blur,mblur_moderate_h,Canny Only,0.3317339149400218,4585,5006
text,motion_blur,mblur_moderate_h,CLAHE + Canny,0.3391494002181025,4585,5294
text,motion_blur,mblur_moderate_h,HistEq + Canny,0.16619411123227917,4585,2459
text,motion_blur,mblur_moderate_h,Adaptive Thresh,0.5731733914940021,4585,229573
text,motion_blur,mblur_moderate_h,Ours (ADRR + Canny),0.3317339149400218,4585,5006
text,motion_blur,mblur_moderate_d,Canny Only,0.30730643402399127,4585,7042
text,motion_blur,mblur_moderate_d,CLAHE + Canny,0.3145038167938931,4585,7123
text,motion_blur,mblur_moderate_d,HistEq + Canny,0.09182115594329335,4585,4102
text,motion_blur,mblur_moderate_d,Adaptive Thresh,0.44231188658669573,4585,226365
text,motion_blur,mblur_moderate_d,Ours (ADRR + Canny),0.30730643402399127,4585,7042
text,motion_blur,mblur_mild_v,Canny Only,0.46106870229007635,4585,6369
text,motion_blur,mblur_mild_v,CLAHE + Canny,0.4577971646673937,4585,6387
text,motion_blur,mblur_mild_v,HistEq + Canny,0.26106870229007634,4585,4636
text,motion_blur,mblur_mild_v,Adaptive Thresh,0.49683751363140677,4585,228859
text,motion_blur,mblur_mild_v,Ours (ADRR + Canny),0.46106870229007635,4585,6369
text,gaussian_blur,gblur_heavy,Canny Only,0.01504907306434024,4585,209
text,gaussian_blur,gblur_heavy,CLAHE + Canny,0.18429661941112324,4585,3144
text,gaussian_blur,gblur_heavy,HistEq + Canny,0.0,4585,2103
text,gaussian_blur,gblur_heavy,Adaptive Thresh,0.19323882224645583,4585,228141
text,gaussian_blur,gblur_heavy,Ours (ADRR + Canny),0.07459105779716467,4585,1807
text,gaussian_blur,gblur_mild,Canny Only,0.5040348964013086,4585,4462
text,gaussian_blur,gblur_mild,CLAHE + Canny,0.4798255179934569,4585,4720
text,gaussian_blur,gblur_mild,HistEq + Canny,0.0,4585,2605
text,gaussian_blur,gblur_mild,Adaptive Thresh,0.19825517993456926,4585,229308
text,gaussian_blur,gblur_mild,Ours (ADRR + Canny),0.19672846237731734,4585,5565
text,combined,combined_dark_blur,Canny Only,0.0,4585,0
text,combined,combined_dark_blur,CLAHE + Canny,0.10381679389312977,4585,919
text,combined,combined_dark_blur,HistEq + Canny,0.16619411123227917,4585,2459
text,combined,combined_dark_blur,Adaptive Thresh,0.6852780806979281,4585,233650
text,combined,combined_dark_blur,Ours (ADRR + Canny),0.12235550708833151,4585,3782
text,combined,combined_moderate,Canny Only,0.08680479825517994,4585,781
text,combined,combined_moderate,CLAHE + Canny,0.11079607415485278,4585,1133
text,combined,combined_moderate,HistEq + Canny,0.10752453653217012,4585,4298
text,combined,combined_moderate,Adaptive Thresh,0.47350054525627044,4585,229543
text,combined,combined_moderate,Ours (ADRR + Canny),0.07808069792802617,4585,2039
text,dark,dark_severe,Canny Only,0.0,2932,0
text,dark,dark_severe,CLAHE + Canny,0.0,2932,0
text,dark,dark_severe,HistEq + Canny,1.0,2932,2932
text,dark,dark_severe,Adaptive Thresh,0.9239427012278308,2932,237250
text,dark,dark_severe,Ours (ADRR + Canny),0.15381991814461118,2932,4900
text,dark,dark_heavy,Canny Only,0.19577080491132332,2932,574
text,dark,dark_heavy,CLAHE + Canny,0.1947476125511596,2932,576
text,dark,dark_heavy,HistEq + Canny,1.0,2932,2932
text,dark,dark_heavy,Adaptive Thresh,0.9239427012278308,2932,237250
text,dark,dark_heavy,Ours (ADRR + Canny),0.9508867667121419,2932,3479
text,dark,dark_moderate,Canny Only,0.9116643929058663,2932,2673
text,dark,dark_moderate,CLAHE + Canny,0.910300136425648,2932,2678
text,dark,dark_moderate,HistEq + Canny,1.0,2932,2932
text,dark,dark_moderate,Adaptive Thresh,0.9239427012278308,2932,237250
text,dark,dark_moderate,Ours (ADRR + Canny),0.9116643929058663,2932,2673
text,dark,dark_mild,Canny Only,0.9942019099590723,2932,2915
text,dark,dark_mild,CLAHE + Canny,0.992837653478854,2932,2929
text,dark,dark_mild,HistEq + Canny,1.0,2932,2932
text,dark,dark_mild,Adaptive Thresh,0.9239427012278308,2932,237250
text,dark,dark_mild,Ours (ADRR + Canny),0.9942019099590723,2932,2915
text,motion_blur,mblur_severe_h,Canny Only,0.3635743519781719,2932,2783
text,motion_blur,mblur_severe_h,CLAHE + Canny,0.3639154160982265,2932,2805
text,motion_blur,mblur_severe_h,HistEq + Canny,0.15177353342428376,2932,1697
text,motion_blur,mblur_severe_h,Adaptive Thresh,0.8148021828103683,2932,234820
text,motion_blur,mblur_severe_h,Ours (ADRR + Canny),0.3635743519781719,2932,2783
text,motion_blur,mblur_moderate_h,Canny Only,0.3656207366984993,2932,2763
text,motion_blur,mblur_moderate_h,CLAHE + Canny,0.3683492496589359,2932,2939
text,motion_blur,mblur_moderate_h,HistEq + Canny,0.17155525238744884,2932,2389
text,motion_blur,mblur_moderate_h,Adaptive Thresh,0.788881309686221,2932,234350
text,motion_blur,mblur_moderate_h,Ours (ADRR + Canny),0.3656207366984993,2932,2763
text,motion_blur,mblur_moderate_d,Canny Only,0.1776944065484311,2932,2855
text,motion_blur,mblur_moderate_d,CLAHE + Canny,0.20497953615279674,2932,3470
text,motion_blur,mblur_moderate_d,HistEq + Canny,0.1251705320600273,2932,3970
text,motion_blur,mblur_moderate_d,Adaptive Thresh,0.5300136425648022,2932,230850
text,motion_blur,mblur_moderate_d,Ours (ADRR + Canny),0.1776944065484311,2932,2855
text,motion_blur,mblur_mild_v,Canny Only,0.40109140518417463,2932,2996
text,motion_blur,mblur_mild_v,CLAHE + Canny,0.39631650750341063,2932,3231
text,motion_blur,mblur_mild_v,HistEq + Canny,0.27148703956343795,2932,3475
text,motion_blur,mblur_mild_v,Adaptive Thresh,0.6589358799454298,2932,233568
text,motion_blur,mblur_mild_v,Ours (ADRR + Canny),0.40109140518417463,2932,2996
text,gaussian_blur,gblur_heavy,Canny Only,0.0,2932,0
text,gaussian_blur,gblur_heavy,CLAHE + Canny,0.010914051841746248,2932,191
text,gaussian_blur,gblur_heavy,HistEq + Canny,0.0,2932,1910
text,gaussian_blur,gblur_heavy,Adaptive Thresh,0.22237380627557982,2932,233010
text,gaussian_blur,gblur_heavy,Ours (ADRR + Canny),0.0,2932,0
text,gaussian_blur,gblur_mild,Canny Only,0.13233287858117326,2932,1054
text,gaussian_blur,gblur_mild,CLAHE + Canny,0.2680763983628922,2932,3589
text,gaussian_blur,gblur_mild,HistEq + Canny,0.0,2932,2461
text,gaussian_blur,gblur_mild,Adaptive Thresh,0.03274215552523874,2932,232905
text,gaussian_blur,gblur_mild,Ours (ADRR + Canny),0.1145975443383356,2932,2830
text,combined,combined_dark_blur,Canny Only,0.0,2932,0
text,combined,combined_dark_blur,CLAHE + Canny,0.0,2932,0
text,combined,combined_dark_blur,HistEq + Canny,0.17394270122783084,2932,2398
text,combined,combined_dark_blur,Adaptive Thresh,0.8997271487039563,2932,237747
text,combined,combined_dark_blur,Ours (ADRR + Canny),0.05593451568894952,2932,1743
text,combined,combined_moderate,Canny Only,0.010231923601637109,2932,70
text,combined,combined_moderate,CLAHE + Canny,0.029331514324693043,2932,215
text,combined,combined_moderate,HistEq + Canny,0.14085948158253753,2932,3956
text,combined,combined_moderate,Adaptive Thresh,0.6493860845839018,2932,233899
text,combined,combined_moderate,Ours (ADRR + Canny),0.0047748976807639835,2932,233
text,dark,dark_severe,Canny Only,0.0,3337,0
text,dark,dark_severe,CLAHE + Canny,0.0,3337,0
text,dark,dark_severe,HistEq + Canny,1.0,3337,3337
text,dark,dark_severe,Adaptive Thresh,0.8040155828588552,3337,236351
text,dark,dark_severe,Ours (ADRR + Canny),0.9127959244830687,3337,3739
text,dark,dark_heavy,Canny Only,0.0,3337,0
text,dark,dark_heavy,CLAHE + Canny,0.5337129157926281,3337,1781
text,dark,dark_heavy,HistEq + Canny,1.0,3337,3337
text,dark,dark_heavy,Adaptive Thresh,0.8040155828588552,3337,236351
text,dark,dark_heavy,Ours (ADRR + Canny),0.9181899910098891,3337,3729
text,dark,dark_moderate,Canny Only,0.9301768055139347,3337,3104
text,dark,dark_moderate,CLAHE + Canny,0.9271801018879233,3337,3096
text,dark,dark_moderate,HistEq + Canny,1.0,3337,3337
text,dark,dark_moderate,Adaptive Thresh,0.8040155828588552,3337,236351
text,dark,dark_moderate,Ours (ADRR + Canny),0.9301768055139347,3337,3104
text,dark,dark_mild,Canny Only,0.9949056038357806,3337,3320
text,dark,dark_mild,CLAHE + Canny,0.9940065927479772,3337,3325
text,dark,dark_mild,HistEq + Canny,1.0,3337,3337
text,dark,dark_mild,Adaptive Thresh,0.8040155828588552,3337,236351
text,dark,dark_mild,Ours (ADRR + Canny),0.9949056038357806,3337,3320
text,motion_blur,mblur_severe_h,Canny Only,0.33473179502547196,3337,2853
text,motion_blur,mblur_severe_h,CLAHE + Canny,0.33952652082709023,3337,2940
text,motion_blur,mblur_severe_h,HistEq + Canny,0.1648186994306263,3337,1686
text,motion_blur,mblur_severe_h,Adaptive Thresh,0.6850464489062031,3337,233733
text,motion_blur,mblur_severe_h,Ours (ADRR + Canny),0.33473179502547196,3337,2853
text,motion_blur,mblur_moderate_h,Canny Only,0.3497153131555289,3337,2925
text,motion_blur,mblur_moderate_h,CLAHE + Canny,0.35480970931974826,3337,2996
text,motion_blur,mblur_moderate_h,HistEq + Canny,0.17201078813305365,3337,2072
text,motion_blur,mblur_moderate_h,Adaptive Thresh,0.6865448007192089,3337,233570
text,motion_blur,mblur_moderate_h,Ours (ADRR + Canny),0.3497153131555289,3337,2925
text,motion_blur,mblur_moderate_d,Canny Only,0.26341024872640095,3337,4256
text,motion_blur,mblur_moderate_d,CLAHE + Canny,0.2795924483068625,3337,4591
text,motion_blur,mblur_moderate_d,HistEq + Canny,0.10608330836080311,3337,3734
text,motion_blur,mblur_moderate_d,Adaptive Thresh,0.5094396164219359,3337,230866
text,motion_blur,mblur_moderate_d,Ours (ADRR + Canny),0.26341024872640095,3337,4256
text,motion_blur,mblur_mild_v,Canny Only,0.49835181300569376,3337,4052
text,motion_blur,mblur_mild_v,CLAHE + Canny,0.4974528019178903,3337,4175
text,motion_blur,mblur_mild_v,HistEq + Canny,0.28738387773449203,3337,3837
text,motion_blur,mblur_mild_v,Adaptive Thresh,0.647887323943662,3337,233412
text,motion_blur,mblur_mild_v,Ours (ADRR + Canny),0.49835181300569376,3337,4052
text,gaussian_blur,gblur_heavy,Canny Only,0.0,3337,0
text,gaussian_blur,gblur_heavy,CLAHE + Canny,0.04554989511537309,3337,1236
text,gaussian_blur,gblur_heavy,HistEq + Canny,0.0,3337,1692
text,gaussian_blur,gblur_heavy,Adaptive Thresh,0.3026670662271501,3337,232759
text,gaussian_blur,gblur_heavy,Ours (ADRR + Canny),0.0,3337,0
text,gaussian_blur,gblur_mild,Canny Only,0.35540905004495055,3337,2432
text,gaussian_blur,gblur_mild,CLAHE + Canny,0.30985915492957744,3337,3208
text,gaussian_blur,gblur_mild,HistEq + Canny,0.0,3337,2458
text,gaussian_blur,gblur_mild,Adaptive Thresh,0.15433023673958646,3337,232757
text,gaussian_blur,gblur_mild,Ours (ADRR + Canny),0.11866946359005094,3337,3111
text,combined,combined_dark_blur,Canny Only,0.0,3337,0
text,combined,combined_dark_blur,CLAHE + Canny,0.0,3337,0
text,combined,combined_dark_blur,HistEq + Canny,0.17201078813305365,3337,2072
text,combined,combined_dark_blur,Adaptive Thresh,0.827090200779143,3337,237103
text,combined,combined_dark_blur,Ours (ADRR + Canny),0.0943961642193587,3337,2139
text,combined,combined_moderate,Canny Only,0.02427329937069224,3337,152
text,combined,combined_moderate,CLAHE + Canny,0.04015582858855259,3337,292
text,combined,combined_moderate,HistEq + Canny,0.1222655079412646,3337,3690
text,combined,combined_moderate,Adaptive Thresh,0.5594845669763261,3337,233618
text,combined,combined_moderate,Ours (ADRR + Canny),0.012885825591848966,3337,374
text,dark,dark_severe,Canny Only,0.0,5906,0
text,dark,dark_severe,CLAHE + Canny,0.0,5906,0
text,dark,dark_severe,HistEq + Canny,1.0,5906,5906
text,dark,dark_severe,Adaptive Thresh,0.6100575685743312,5906,230500
text,dark,dark_severe,Ours (ADRR + Canny),0.1928547240094819,5906,9908
text,dark,dark_heavy,Canny Only,0.0,5906,0
text,dark,dark_heavy,CLAHE + Canny,0.0,5906,0
text,dark,dark_heavy,HistEq + Canny,1.0,5906,5906
text,dark,dark_heavy,Adaptive Thresh,0.6100575685743312,5906,230326
text,dark,dark_heavy,Ours (ADRR + Canny),0.7968167964781578,5906,6099
text,dark,dark_moderate,Canny Only,0.8843548933288181,5906,5223
text,dark,dark_moderate,CLAHE + Canny,0.8840162546562818,5906,5223
text,dark,dark_moderate,HistEq + Canny,1.0,5906,5906
text,dark,dark_moderate,Adaptive Thresh,0.6100575685743312,5906,230294
text,dark,dark_moderate,Ours (ADRR + Canny),0.8843548933288181,5906,5223
text,dark,dark_mild,Canny Only,0.9977988486285134,5906,5893
text,dark,dark_mild,CLAHE + Canny,0.9976295292922451,5906,5902
text,dark,dark_mild,HistEq + Canny,1.0,5906,5906
text,dark,dark_mild,Adaptive Thresh,0.6100575685743312,5906,230294
text,dark,dark_mild,Ours (ADRR + Canny),0.9977988486285134,5906,5893
text,motion_blur,mblur_severe_h,Canny Only,0.2590585844903488,5906,4272
text,motion_blur,mblur_severe_h,CLAHE + Canny,0.2661699966136133,5906,4523
text,motion_blur,mblur_severe_h,HistEq + Canny,0.1471385032170674,5906,2683
text,motion_blur,mblur_severe_h,Adaptive Thresh,0.6445987131730444,5906,228118
text,motion_blur,mblur_severe_h,Ours (ADRR + Canny),0.2590585844903488,5906,4272
text,motion_blur,mblur_moderate_h,Canny Only,0.2858110396207247,5906,4281
text,motion_blur,mblur_moderate_h,CLAHE + Canny,0.2929224517439892,5906,4808
text,motion_blur,mblur_moderate_h,HistEq + Canny,0.1671181848967152,5906,3528
text,motion_blur,mblur_moderate_h,Adaptive Thresh,0.6119200812732815,5906,227497
text,motion_blur,mblur_moderate_h,Ours (ADRR + Canny),0.2858110396207247,5906,4281
text,motion_blur,mblur_moderate_d,Canny Only,0.23603115475787334,5906,6704
text,motion_blur,mblur_moderate_d,CLAHE + Canny,0.2571960717913986,5906,7141
text,motion_blur,mblur_moderate_d,HistEq + Canny,0.0929563156112428,5906,6031
text,motion_blur,mblur_moderate_d,Adaptive Thresh,0.48611581442600743,5906,222703
text,motion_blur,mblur_moderate_d,Ours (ADRR + Canny),0.23603115475787334,5906,6704
text,motion_blur,mblur_mild_v,Canny Only,0.4708770741618693,5906,7078
text,motion_blur,mblur_mild_v,CLAHE + Canny,0.4708770741618693,5906,7401
text,motion_blur,mblur_mild_v,HistEq + Canny,0.32170673890958346,5906,6337
text,motion_blur,mblur_mild_v,Adaptive Thresh,0.5716220792414494,5906,226186
text,motion_blur,mblur_mild_v,Ours (ADRR + Canny),0.4708770741618693,5906,7078
text,gaussian_blur,gblur_heavy,Canny Only,0.0,5906,0
text,gaussian_blur,gblur_heavy,CLAHE + Canny,0.10717913985777176,5906,3511
text,gaussian_blur,gblur_heavy,HistEq + Canny,0.0,5906,2614
text,gaussian_blur,gblur_heavy,Adaptive Thresh,0.25533355909244837,5906,226274
text,gaussian_blur,gblur_heavy,Ours (ADRR + Canny),0.024889942431425668,5906,1177
text,gaussian_blur,gblur_mild,Canny Only,0.42008127328140876,5906,4666
text,gaussian_blur,gblur_mild,CLAHE + Canny,0.38689468337284116,5906,5467
text,gaussian_blur,gblur_mild,HistEq + Canny,0.0,5906,4180
text,gaussian_blur,gblur_mild,Adaptive Thresh,0.149339654588554,5906,226061
text,gaussian_blur,gblur_mild,Ours (ADRR + Canny),0.11937013206908229,5906,5405
text,combined,combined_dark_blur,Canny Only,0.0,5906,0
text,combined,combined_dark_blur,CLAHE + Canny,0.013545546901456146,5906,308
text,combined,combined_dark_blur,HistEq + Canny,0.16559431087030138,5906,3531
text,combined,combined_dark_blur,Adaptive Thresh,0.7565187944463257,5906,233959
text,combined,combined_dark_blur,Ours (ADRR + Canny),0.07873349136471385,5906,3754
text,combined,combined_moderate,Canny Only,0.011513714866237725,5906,117
text,combined,combined_moderate,CLAHE + Canny,0.06705045716220792,5906,744
text,combined,combined_moderate,HistEq + Canny,0.10599390450389434,5906,6230
text,combined,combined_moderate,Adaptive Thresh,0.6168303420250593,5906,228827
text,combined,combined_moderate,Ours (ADRR + Canny),0.013206908228919742,5906,649
mixed,dark,dark_severe,Canny Only,0.0,4048,0
mixed,dark,dark_severe,CLAHE + Canny,0.1190711462450593,4048,538
mixed,dark,dark_severe,HistEq + Canny,0.8312747035573123,4048,44309
mixed,dark,dark_severe,Adaptive Thresh,0.5254446640316206,4048,231878
mixed,dark,dark_severe,Ours (ADRR + Canny),0.2117094861660079,4048,10311
mixed,dark,dark_heavy,Canny Only,0.3824110671936759,4048,1676
mixed,dark,dark_heavy,CLAHE + Canny,0.6526679841897233,4048,2861
mixed,dark,dark_heavy,HistEq + Canny,0.849308300395257,4048,42665
mixed,dark,dark_heavy,Adaptive Thresh,0.5239624505928854,4048,230974
mixed,dark,dark_heavy,Ours (ADRR + Canny),0.9004446640316206,4048,4044
mixed,dark,dark_moderate,Canny Only,0.8060770750988142,4048,3428
mixed,dark,dark_moderate,CLAHE + Canny,0.9300889328063241,4048,4047
mixed,dark,dark_moderate,HistEq + Canny,0.8596837944664032,4048,41916
mixed,dark,dark_moderate,Adaptive Thresh,0.5222332015810277,4048,224935
mixed,dark,dark_moderate,Ours (ADRR + Canny),0.9199604743083004,4048,4104
mixed,dark,dark_mild,Canny Only,0.954792490118577,4048,3959
mixed,dark,dark_mild,CLAHE + Canny,0.9649209486166008,4048,4115
mixed,dark,dark_mild,HistEq + Canny,0.8675889328063241,4048,43809
mixed,dark,dark_mild,Adaptive Thresh,0.5217391304347826,4048,208136
mixed,dark,dark_mild,Ours (ADRR + Canny),0.954792490118577,4048,3959
mixed,motion_blur,mblur_severe_h,Canny Only,0.15612648221343872,4048,2239
mixed,motion_blur,mblur_severe_h,CLAHE + Canny,0.15489130434782608,4048,3600
mixed,motion_blur,mblur_severe_h,HistEq + Canny,0.07312252964426877,4048,3691
mixed,motion_blur,mblur_severe_h,Adaptive Thresh,0.6326581027667985,4048,224144
mixed,motion_blur,mblur_severe_h,Ours (ADRR + Canny),0.15612648221343872,4048,2239
mixed,motion_blur,mblur_moderate_h,Canny Only,0.22332015810276679,4048,3222
mixed,motion_blur,mblur_moderate_h,CLAHE + Canny,0.229001976284585,4048,5058
mixed,motion_blur,mblur_moderate_h,HistEq + Canny,0.08399209486166008,4048,3724
mixed,motion_blur,mblur_moderate_h,Adaptive Thresh,0.5380434782608695,4048,222039
mixed,motion_blur,mblur_moderate_h,Ours (ADRR + Canny),0.22332015810276679,4048,3222
mixed,motion_blur,mblur_moderate_d,Canny Only,0.37623517786561267,4048,3404
mixed,motion_blur,mblur_moderate_d,CLAHE + Canny,0.35177865612648224,4048,5274
mixed,motion_blur,mblur_moderate_d,HistEq + Canny,0.049654150197628456,4048,3782
mixed,motion_blur,mblur_moderate_d,Adaptive Thresh,0.4992588932806324,4048,216540
mixed,motion_blur,mblur_moderate_d,Ours (ADRR + Canny),0.37623517786561267,4048,3404
mixed,motion_blur,mblur_mild_v,Canny Only,0.27223320158102765,4048,4307
mixed,motion_blur,mblur_mild_v,CLAHE + Canny,0.2840909090909091,4048,6144
mixed,motion_blur,mblur_mild_v,HistEq + Canny,0.09486166007905138,4048,3768
mixed,motion_blur,mblur_mild_v,Adaptive Thresh,0.4234189723320158,4048,218037
mixed,motion_blur,mblur_mild_v,Ours (ADRR + Canny),0.27223320158102765,4048,4307
mixed,gaussian_blur,gblur_heavy,Canny Only,0.053606719367588936,4048,1530
mixed,gaussian_blur,gblur_heavy,CLAHE + Canny,0.09412055335968379,4048,2465
mixed,gaussian_blur,gblur_heavy,HistEq + Canny,0.0,4048,3573
mixed,gaussian_blur,gblur_heavy,Adaptive Thresh,0.3068181818181818,4048,224855
mixed,gaussian_blur,gblur_heavy,Ours (ADRR + Canny),0.0741106719367589,4048,1801
mixed,gaussian_blur,gblur_mild,Canny Only,0.6830533596837944,4048,4199
mixed,gaussian_blur,gblur_mild,CLAHE + Canny,0.6326581027667985,4048,4307
mixed,gaussian_blur,gblur_mild,HistEq + Canny,0.0,4048,3879
mixed,gaussian_blur,gblur_mild,Adaptive Thresh,0.3092885375494071,4048,226929
mixed,gaussian_blur,gblur_mild,Ours (ADRR + Canny),0.17094861660079053,4048,5998
mixed,combined,combined_dark_blur,Canny Only,0.0,4048,0
mixed,combined,combined_dark_blur,CLAHE + Canny,0.08868577075098814,4048,788
mixed,combined,combined_dark_blur,HistEq + Canny,0.07732213438735178,4048,13974
mixed,combined,combined_dark_blur,Adaptive Thresh,0.7818675889328063,4048,234826
mixed,combined,combined_dark_blur,Ours (ADRR + Canny),0.15266798418972333,4048,2363
mixed,combined,combined_moderate,Canny Only,0.15439723320158102,4048,866
mixed,combined,combined_moderate,CLAHE + Canny,0.3394268774703557,4048,2109
mixed,combined,combined_moderate,HistEq + Canny,0.08127470355731226,4048,4089
mixed,combined,combined_moderate,Adaptive Thresh,0.5990612648221344,4048,230579
mixed,combined,combined_moderate,Ours (ADRR + Canny),0.16897233201581027,4048,5702
mixed,dark,dark_severe,Canny Only,0.0,1906,0
mixed,dark,dark_severe,CLAHE + Canny,0.0,1906,0
mixed,dark,dark_severe,HistEq + Canny,0.8919202518363064,1906,54653
mixed,dark,dark_severe,Adaptive Thresh,0.5178384050367262,1906,235958
mixed,dark,dark_severe,Ours (ADRR + Canny),0.2334732423924449,1906,4450
mixed,dark,dark_heavy,Canny Only,0.0,1906,0
mixed,dark,dark_heavy,CLAHE + Canny,0.0,1906,0
mixed,dark,dark_heavy,HistEq + Canny,0.8866736621196223,1906,62173
mixed,dark,dark_heavy,Adaptive Thresh,0.5178384050367262,1906,235278
mixed,dark,dark_heavy,Ours (ADRR + Canny),0.2812172088142707,1906,5065
mixed,dark,dark_moderate,Canny Only,0.3567681007345226,1906,726
mixed,dark,dark_moderate,CLAHE + Canny,0.8153200419727177,1906,1694
mixed,dark,dark_moderate,HistEq + Canny,0.8997901364113327,1906,70640
mixed,dark,dark_moderate,Adaptive Thresh,0.5178384050367262,1906,229318
mixed,dark,dark_moderate,Ours (ADRR + Canny),0.3567681007345226,1906,726
mixed,dark,dark_mild,Canny Only,0.8378803777544596,1906,1642
mixed,dark,dark_mild,CLAHE + Canny,0.9632738719832109,1906,1979
mixed,dark,dark_mild,HistEq + Canny,0.9018887722980063,1906,71568
mixed,dark,dark_mild,Adaptive Thresh,0.5178384050367262,1906,211428
mixed,dark,dark_mild,Ours (ADRR + Canny),0.8378803777544596,1906,1642
mixed,motion_blur,mblur_severe_h,Canny Only,0.18730325288562436,1906,894
mixed,motion_blur,mblur_severe_h,CLAHE + Canny,0.1789087093389297,1906,1260
mixed,motion_blur,mblur_severe_h,HistEq + Canny,0.07869884575026233,1906,1947
mixed,motion_blur,mblur_severe_h,Adaptive Thresh,0.5986358866736621,1906,232314
mixed,motion_blur,mblur_severe_h,Ours (ADRR + Canny),0.09811122770199371,1906,1050
mixed,motion_blur,mblur_moderate_h,Canny Only,0.25236096537250785,1906,1089
mixed,motion_blur,mblur_moderate_h,CLAHE + Canny,0.24763903462749212,1906,1697
mixed,motion_blur,mblur_moderate_h,HistEq + Canny,0.09548793284365163,1906,1903
mixed,motion_blur,mblur_moderate_h,Adaptive Thresh,0.45435466946484787,1906,229414
mixed,motion_blur,mblur_moderate_h,Ours (ADRR + Canny),0.25236096537250785,1906,1089
mixed,motion_blur,mblur_moderate_d,Canny Only,0.19727177334732424,1906,1123
mixed,motion_blur,mblur_moderate_d,CLAHE + Canny,0.20461699895068206,1906,1704
mixed,motion_blur,mblur_moderate_d,HistEq + Canny,0.07397691500524659,1906,2235
mixed,motion_blur,mblur_moderate_d,Adaptive Thresh,0.4323189926547744,1906,223592
mixed,motion_blur,mblur_moderate_d,Ours (ADRR + Canny),0.19727177334732424,1906,1123
mixed,motion_blur,mblur_mild_v,Canny Only,0.24186778593913955,1906,1265
mixed,motion_blur,mblur_mild_v,CLAHE + Canny,0.282791185729276,1906,2225
mixed,motion_blur,mblur_mild_v,HistEq + Canny,0.08971668415529906,1906,2246
mixed,motion_blur,mblur_mild_v,Adaptive Thresh,0.38037775445960126,1906,225308
mixed,motion_blur,mblur_mild_v,Ours (ADRR + Canny),0.24186778593913955,1906,1265
mixed,gaussian_blur,gblur_heavy,Canny Only,0.0,1906,0
mixed,gaussian_blur,gblur_heavy,CLAHE + Canny,0.02465897166841553,1906,282
mixed,gaussian_blur,gblur_heavy,HistEq + Canny,0.0,1906,1911
mixed,gaussian_blur,gblur_heavy,Adaptive Thresh,0.1825813221406086,1906,233822
mixed,gaussian_blur,gblur_heavy,Ours (ADRR + Canny),0.0,1906,0
mixed,gaussian_blur,gblur_mild,Canny Only,0.6259181532004198,1906,1760
mixed,gaussian_blur,gblur_mild,CLAHE + Canny,0.6096537250786989,1906,1750
mixed,gaussian_blur,gblur_mild,HistEq + Canny,0.0,1906,1960
mixed,gaussian_blur,gblur_mild,Adaptive Thresh,0.34312696747114374,1906,234591
mixed,gaussian_blur,gblur_mild,Ours (ADRR + Canny),0.1248688352570829,1906,1824
mixed,combined,combined_dark_blur,Canny Only,0.0,1906,0
mixed,combined,combined_dark_blur,CLAHE + Canny,0.02570828961175236,1906,99
mixed,combined,combined_dark_blur,HistEq + Canny,0.11017838405036726,1906,26306
mixed,combined,combined_dark_blur,Adaptive Thresh,0.8462749213011542,1906,238192
mixed,combined,combined_dark_blur,Ours (ADRR + Canny),0.13693599160545644,1906,1170
mixed,combined,combined_moderate,Canny Only,0.0,1906,0
mixed,combined,combined_moderate,CLAHE + Canny,0.14690451206715635,1906,469
mixed,combined,combined_moderate,HistEq + Canny,0.080797481636936,1906,15955
mixed,combined,combined_moderate,Adaptive Thresh,0.6521511017838405,1906,236738
mixed,combined,combined_moderate,Ours (ADRR + Canny),0.0,1906,0
mixed,dark,dark_severe,Canny Only,0.0,5887,0
mixed,dark,dark_severe,CLAHE + Canny,0.0,5887,0
mixed,dark,dark_severe,HistEq + Canny,0.7623577373874639,5887,48919
mixed,dark,dark_severe,Adaptive Thresh,0.5085782232036691,5887,227552
mixed,dark,dark_severe,Ours (ADRR + Canny),0.19806352981144895,5887,10967
mixed,dark,dark_heavy,Canny Only,0.0,5887,0
mixed,dark,dark_heavy,CLAHE + Canny,0.4022422286393749,5887,2680
mixed,dark,dark_heavy,HistEq + Canny,0.7742483438083914,5887,41241
mixed,dark,dark_heavy,Adaptive Thresh,0.5060302361134703,5887,226458
mixed,dark,dark_heavy,Ours (ADRR + Canny),0.8821131306268049,5887,6009
mixed,dark,dark_moderate,Canny Only,0.6701206047222694,5887,4243
mixed,dark,dark_moderate,CLAHE + Canny,0.8627484287412944,5887,5602
mixed,dark,dark_moderate,HistEq + Canny,0.7936130456939018,5887,57058
mixed,dark,dark_moderate,Adaptive Thresh,0.5046713096653643,5887,220356
mixed,dark,dark_moderate,Ours (ADRR + Canny),0.9001189060642093,5887,6062
mixed,dark,dark_mild,Canny Only,0.9466621369118396,5887,5814
mixed,dark,dark_mild,CLAHE + Canny,0.9413962969254289,5887,5979
mixed,dark,dark_mild,HistEq + Canny,0.7929335824698488,5887,55653
mixed,dark,dark_mild,Adaptive Thresh,0.5038219806352982,5887,203629
mixed,dark,dark_mild,Ours (ADRR + Canny),0.9113300492610837,5887,6559
mixed,motion_blur,mblur_severe_h,Canny Only,0.23611347035841684,5887,3661
mixed,motion_blur,mblur_severe_h,CLAHE + Canny,0.2060472226940717,5887,4749
mixed,motion_blur,mblur_severe_h,HistEq + Canny,0.1382707660947851,5887,5367
mixed,motion_blur,mblur_severe_h,Adaptive Thresh,0.5984372345846781,5887,219458
mixed,motion_blur,mblur_severe_h,Ours (ADRR + Canny),0.23611347035841684,5887,3661
mixed,motion_blur,mblur_moderate_h,Canny Only,0.3271615423815186,5887,4491
mixed,motion_blur,mblur_moderate_h,CLAHE + Canny,0.32189570239510784,5887,6036
mixed,motion_blur,mblur_moderate_h,HistEq + Canny,0.1656191608629183,5887,4997
mixed,motion_blur,mblur_moderate_h,Adaptive Thresh,0.5304909121793783,5887,217525
mixed,motion_blur,mblur_moderate_h,Ours (ADRR + Canny),0.3271615423815186,5887,4491
mixed,motion_blur,mblur_moderate_d,Canny Only,0.17903855953796502,5887,2861
mixed,motion_blur,mblur_moderate_d,CLAHE + Canny,0.1965347375573297,5887,6408
mixed,motion_blur,mblur_moderate_d,HistEq + Canny,0.044674706981484624,5887,4959
mixed,motion_blur,mblur_moderate_d,Adaptive Thresh,0.43128928146764056,5887,211477
mixed,motion_blur,mblur_moderate_d,Ours (ADRR + Canny),0.17903855953796502,5887,2861
mixed,motion_blur,mblur_mild_v,Canny Only,0.1800577543740445,5887,3841
mixed,motion_blur,mblur_mild_v,CLAHE + Canny,0.1659588924749448,5887,8129
mixed,motion_blur,mblur_mild_v,HistEq + Canny,0.04739255987769662,5887,5170
mixed,motion_blur,mblur_mild_v,Adaptive Thresh,0.3713266519449635,5887,212406
mixed,motion_blur,mblur_mild_v,Ours (ADRR + Canny),0.1800577543740445,5887,3841
mixed,gaussian_blur,gblur_heavy,Canny Only,0.10463733650416171,5887,1700
mixed,gaussian_blur,gblur_heavy,CLAHE + Canny,0.033463563784610156,5887,1808
mixed,gaussian_blur,gblur_heavy,HistEq + Canny,0.0,5887,4514
mixed,gaussian_blur,gblur_heavy,Adaptive Thresh,0.2965856972991337,5887,220660
mixed,gaussian_blur,gblur_heavy,Ours (ADRR + Canny),0.05605571598437235,5887,1622
mixed,gaussian_blur,gblur_mild,Canny Only,0.5036521148292848,5887,4858
mixed,gaussian_blur,gblur_mild,CLAHE + Canny,0.4076779344317989,5887,6055
mixed,gaussian_blur,gblur_mild,HistEq + Canny,0.0,5887,4951
mixed,gaussian_blur,gblur_mild,Adaptive Thresh,0.3895022931883812,5887,222087
mixed,gaussian_blur,gblur_mild,Ours (ADRR + Canny),0.14931204348564633,5887,7403
mixed,combined,combined_dark_blur,Canny Only,0.0,5887,0
mixed,combined,combined_dark_blur,CLAHE + Canny,0.08136572108034652,5887,992
mixed,combined,combined_dark_blur,HistEq + Canny,0.1608629182945473,5887,16496
mixed,combined,combined_dark_blur,Adaptive Thresh,0.7774757941226431,5887,231778
mixed,combined,combined_dark_blur,Ours (ADRR + Canny),0.18889077628673348,5887,4773
mixed,combined,combined_moderate,Canny Only,0.06709699337523356,5887,537
mixed,combined,combined_moderate,CLAHE + Canny,0.1471037880074741,5887,1471
mixed,combined,combined_moderate,HistEq + Canny,0.04722269407168337,5887,5309
mixed,combined,combined_moderate,Adaptive Thresh,0.5960591133004927,5887,228531
mixed,combined,combined_moderate,Ours (ADRR + Canny),0.08646169526074401,5887,5479
